{"cameraMode":{"drawMode":0,"name":"Shaded","section":"Shading Mode"},"sceneLighting":false,"audioPlay":false,"sceneViewState":{"showFog":true,"showMaterialUpdate":false,"showSkybox":false,"showFlares":true,"showImageEffects":true,"showParticleSystems":true},"in2DMode":false,"pivot":{"x":0.862520694732666,"y":0.04405564069747925,"z":-1.518038034439087},"rotation":{"x":0.015221615321934224,"y":0.9580104351043701,"z":-0.05178289860486984,"w":0.2816081643104553},"size":2.622542142868042,"orthographic":false}