{"cameraMode":{"drawMode":0,"name":"Shaded","section":"Shading Mode"},"sceneLighting":false,"audioPlay":false,"sceneViewState":{"showFog":true,"showMaterialUpdate":false,"showSkybox":false,"showFlares":true,"showImageEffects":true,"showParticleSystems":true},"in2DMode":false,"pivot":{"x":-7.124467372894287,"y":6.92500638961792,"z":-4.046325206756592},"rotation":{"x":0.0342145673930645,"y":0.9625119566917419,"z":-0.14546942710876466,"w":0.22638104856014253},"size":1.89326810836792,"orthographic":false}