{"cameraMode":{"drawMode":0,"name":"Shaded","section":"Shading Mode"},"sceneLighting":false,"audioPlay":false,"sceneViewState":{"showFog":true,"showMaterialUpdate":false,"showSkybox":false,"showFlares":true,"showImageEffects":true,"showParticleSystems":true},"in2DMode":false,"pivot":{"x":0.017975211143493654,"y":1.0042370557785035,"z":0.004671037197113037},"rotation":{"x":-0.0034425288904458286,"y":-0.9887598156929016,"z":0.14791865646839143,"w":-0.02283361181616783},"size":0.992999792098999,"orthographic":false}