{"cameraMode":{"drawMode":0,"name":"Shaded","section":"Shading Mode"},"sceneLighting":false,"audioPlay":false,"sceneViewState":{"showFog":true,"showMaterialUpdate":false,"showSkybox":false,"showFlares":true,"showImageEffects":true,"showParticleSystems":true},"in2DMode":false,"pivot":{"x":0.539433479309082,"y":0.445064902305603,"z":-0.4468989372253418},"rotation":{"x":0.029923925176262857,"y":0.9606529474258423,"z":-0.11437327414751053,"w":0.251339852809906},"size":1.786137342453003,"orthographic":false}