{"cameraMode":{"drawMode":0,"name":"Shaded","section":"Shading Mode"},"sceneLighting":false,"audioPlay":false,"sceneViewState":{"showFog":true,"showMaterialUpdate":false,"showSkybox":false,"showFlares":true,"showImageEffects":true,"showParticleSystems":true},"in2DMode":false,"pivot":{"x":-1.655029296875,"y":1.9676513671875,"z":1.013916015625},"rotation":{"x":-0.22909948229789735,"y":-0.7646795511245728,"z":0.36655738949775698,"w":-0.4779271185398102},"size":1.3250255584716797,"orthographic":true}