{"cameraMode":{"drawMode":0,"name":"Shaded","section":"Shading Mode"},"sceneLighting":false,"audioPlay":false,"sceneViewState":{"showFog":true,"showMaterialUpdate":false,"showSkybox":false,"showFlares":true,"showImageEffects":true,"showParticleSystems":true},"in2DMode":false,"pivot":{"x":0.007642298936843872,"y":0.5926430225372315,"z":-0.004912734031677246},"rotation":{"x":0.01572434790432453,"y":-0.9708448648452759,"z":0.2298802137374878,"w":0.06652259826660156},"size":0.7907653450965881,"orthographic":false}